301;Mimi;Howsden;6206 Hauk Crossing;Spokane;WA;99260;1989-02-02
302;Christian;Gouck;95535 Dwight Alley;Lafayette;LA;70593;2001-04-27
303;Rosemary;Trunby;941 Springview Court;New York City;NY;10270;1975-12-06
304;Sher;Lexa;7 Scott Avenue;Tulsa;OK;74126;1962-07-10
305;Emmalynn;Maskall;85602 Vermont Way;Mobile;AL;36670;1968-04-26
306;Thornie;Gelderd;7 Maywood Pass;Boston;MA;02114;1962-11-05
307;Aldin;Loding;85 Clarendon Way;New Orleans;LA;70165;1997-03-12
308;Hedwiga;Mundwell;13 Arkansas Trail;Birmingham;AL;35215;1995-12-29
309;Dionis;Ensor;1278 Monument Terrace;San Jose;CA;95138;1968-03-30
310;Oliver;Rewbottom;7829 Shasta Alley;Buffalo;NY;14276;1968-05-30
311;Norene;Hendrix;8 Golden Leaf Trail;Miami;FL;33147;1963-05-11
312;Lavinia;Bruckmann;78 Oriole Terrace;Washington;DC;20220;1961-06-08
313;Gill;McCreedy;72 Dixon Alley;Huntington;WV;25721;1955-08-29
314;Andonis;Ratledge;9219 Orin Circle;Austin;TX;78710;1951-09-21
315;Clara;Gilbane;89404 Victoria Point;Bronx;NY;10469;1961-12-28
316;Wendie;Eckersley;36002 Westport Alley;Dallas;TX;75231;1968-08-03
317;Meade;De Bischof;30 Tony Hill;Fort Pierce;FL;34981;1988-08-14
318;Rolf;McLeese;7052 Kingsford Crossing;Chicago;IL;60604;1988-11-15
319;Tadio;Cinderey;28 Scoville Trail;Miami;FL;33111;1952-08-21
320;Ilka;Blyth;11 High Crossing Center;Atlanta;GA;31106;1974-09-22
321;Lazarus;Helliwell;90 Dixon Alley;Los Angeles;CA;90101;1964-09-08
322;Pammi;Bedinn;6 Fremont Avenue;Chattanooga;TN;37416;1956-05-22
323;Eleni;Jonuzi;0263 Straubel Road;Brooklyn;NY;11254;1991-05-18
324;Jermaine;Dimitrov;9 Armistice Drive;Kansas City;MO;64125;1952-01-06
325;Jase;Jessopp;0315 Jackson Place;Tampa;FL;33625;1974-08-02
326;Aidan;Pymm;3 Oneill Way;Springfield;IL;62711;2002-10-27
327;Sharon;Poore;274 Green Park;Pensacola;FL;32526;2000-08-24
328;Jonas;Schoenrock;2269 Monica Parkway;Sioux Falls;SD;57198;1988-01-15
329;Faulkner;Heaslip;9 Lunder Junction;Stamford;CT;06912;1955-09-09
330;Brittaney;Gascoyen;866 Heath Avenue;Anderson;IN;46015;1963-03-31
331;Adam;Tunnow;03 Sage Court;Erie;PA;16550;1983-05-03
332;Carree;Garnson;29 Cordelia Alley;Independence;MO;64054;2003-04-19
333;Hermione;Maclean;21281 John Wall Road;Kansas City;MO;64142;1975-09-27
334;Normand;Walter;080 Saint Paul Plaza;Young America;MN;55551;1953-07-08
335;Pavla;Hollyer;1 Graedel Point;Bellevue;WA;98008;1964-04-09
336;Portie;Pennyman;35 Banding Alley;Sarasota;FL;34233;1972-09-04
337;Marlee;Bedell;10 Crowley Alley;Richmond;VA;23225;1957-10-05
338;Lorain;McHardy;35 Scofield Trail;Winston Salem;NC;27157;1966-06-21
339;Gert;Blennerhassett;6839 Park Meadow Court;New Orleans;LA;70124;1972-04-15
340;Michel;Vigneron;66 Haas Avenue;Corpus Christi;TX;78465;1965-02-10
341;Kennie;Hawney;8 Elmside Place;San Francisco;CA;94169;1951-05-29
342;Valaria;Rolinson;9744 Oak Circle;Palm Bay;FL;32909;1979-12-07
343;Constantine;Louth;70216 Parkside Court;Lake Worth;FL;33462;2001-11-26
344;Edwin;Gartside;1708 Bluestem Parkway;Abilene;TX;79605;2003-02-15
345;Joanna;Fashion;6774 Tennessee Trail;Washington;DC;20404;1997-05-06
346;Alexandr;Guilder;199 Florence Center;Shreveport;LA;71166;1993-09-16
347;Amata;Duffit;8264 Old Shore Place;Springfield;MO;65898;1999-11-06
348;Stanton;Borles;834 Farmco Lane;Philadelphia;PA;19151;1993-09-18
349;Gwen;Challinor;1 Messerschmidt Avenue;Pasadena;CA;91131;1983-06-05
350;Stillmann;Delaney;2 Novick Parkway;Beaverton;OR;97075;1988-12-09
351;Arley;Sterndale;63 Florence Point;Erie;PA;16550;1985-07-13
352;Doti;Merrien;92332 Thackeray Circle;Lehigh Acres;FL;33972;1973-06-26
353;Andie;Pellman;8978 Portage Pass;Dallas;TX;75221;1970-01-03
354;Jo ann;Risdale;426 Ridgeview Parkway;Philadelphia;PA;19160;1993-02-13
355;Nata;Vasile;8 6th Place;Denver;CO;80255;1958-04-24
356;Ingrim;Anespie;13 Main Court;Las Cruces;NM;88006;1966-06-14
357;Larine;MacCarrane;639 Tony Terrace;Peoria;IL;61651;1974-12-10
358;Peder;Khoter;8 Debra Road;Kalamazoo;MI;49006;1981-12-31
359;Cornelia;Glyde;0215 Vernon Drive;Houston;TX;77075;1990-07-21
360;Pearla;Muldownie;9045 Dawn Street;Fort Wayne;IN;46852;1995-02-28
361;Cordi;Yole;01776 Pearson Center;New Orleans;LA;70165;1975-02-15
362;Loralyn;Duffyn;97831 Cody Hill;Saint Petersburg;FL;33737;1976-04-01
363;Clarette;Weldrake;4 Westport Point;Omaha;NE;68124;1960-11-07
364;Rolfe;Dehm;418 Myrtle Road;Charlotte;NC;28230;2000-12-02
365;Rochelle;Kasher;10 Rockefeller Avenue;New York City;NY;10155;2001-06-25
366;Almira;Kyndred;04857 Myrtle Road;Port Charlotte;FL;33954;1997-04-27
367;Bernice;Morant;6 Boyd Lane;Saint Louis;MO;63158;1960-12-27
368;Barbaraanne;Cready;96 Scott Drive;New Hyde Park;NY;11044;1969-04-05
369;Guinna;Mallinder;7 Ramsey Drive;Chicago;IL;60669;1992-07-26
370;Kath;McQuorkel;20603 Raven Drive;Paterson;NJ;07544;1951-04-28
371;Tomi;Dodworth;1 Marquette Plaza;Wichita Falls;TX;76305;1958-07-13
372;Judie;Balasini;37802 Iowa Terrace;Tampa;FL;33686;1954-09-19
373;Rriocard;Moggle;7 Warrior Crossing;Madison;WI;53785;1990-09-22
374;Barclay;Fanner;74 Bluejay Court;Flushing;NY;11355;1968-12-04
375;Alonso;Sprigg;514 Melvin Junction;Norfolk;VA;23514;1951-02-07
376;Reba;Jolliffe;7 Jay Street;London;KY;40745;1994-11-17
377;Dedra;Hark;35536 Cody Lane;Pittsburgh;PA;15230;1992-09-16
378;Simeon;Robrose;7980 Kennedy Circle;Stamford;CT;06922;1989-06-10
379;Francisco;Leidecker;45 School Plaza;Washington;DC;20088;1957-12-25
380;Karyl;Ciardo;94 Meadow Vale Place;Fargo;ND;58122;1983-04-13
381;Bernita;Lago;81032 Manufacturers Place;Washington;DC;20310;1968-10-17
382;Maia;Akker;95343 Center Road;Albany;NY;12205;1982-08-10
383;Cloris;Blachford;88176 Canary Drive;Detroit;MI;48258;1957-05-17
384;Avivah;Caban;62 Old Shore Hill;Sandy;UT;84093;1999-02-04
385;Orel;Blodgett;6 Gulseth Place;Baton Rouge;LA;70826;1976-10-12
386;Dannie;Awcoate;4773 Duke Circle;Akron;OH;44393;1980-12-26
387;Alastair;Grigore;14 Iowa Court;Rockford;IL;61110;1977-12-04
388;Bartlett;Sherer;92 Moland Pass;New York City;NY;10275;1985-04-23
389;Jaymie;Andrew;90359 Shopko Junction;Fort Wayne;IN;46805;2001-07-10
390;Adriaens;Betton;2 Morrow Parkway;Aurora;IL;60505;1962-02-11
391;Maisey;Boribal;12962 Riverside Crossing;Salt Lake City;UT;84120;1991-01-04
392;Cyndia;McDougal;9026 Quincy Junction;Houston;TX;77218;1972-07-23
393;Lissie;Sute;13 Goodland Road;Birmingham;AL;35225;1978-08-25
394;Alexandra;Maciejak;2202 West Crossing;New York City;NY;10024;1987-06-30
395;Bebe;Pendrich;778 Namekagon Street;Lake Worth;FL;33467;1994-06-01
396;Will;Crathern;4564 North Hill;Corpus Christi;TX;78470;1971-04-17
397;Codie;Colloby;6011 Warbler Way;Portland;OR;97255;1987-09-27
398;Theodosia;Stellino;1530 Gateway Center;Peoria;IL;61605;1971-07-15
399;Sasha;Jeremaes;9 Wayridge Point;Birmingham;AL;35244;1998-07-16
400;Shem;Rippingale;4 Stone Corner Court;Phoenix;AZ;85053;2002-04-07